297|60|c37021f0-c3ba-11e9-b48d-f9f8f6d1953b|on sale|https://images.unsplash.com/photo-1543955946-8d33e764d8f2?ixlib=rb-1.2.1&q=80&fm=jpg&crop=entropy&cs=tinysrgb&w=550&h=550&fit=crop&ixid=eyJhcHBfaWQiOjIyMjQzfQ|https://images.unsplash.com/photo-1543955946-8d33e764d8f2?ixlib=rb-1.2.1&q=80&fm=jpg&crop=entropy&cs=tinysrgb&w=400&h=400&fit=crop&ixid=eyJhcHBfaWQiOjIyMjQzfQ|https://images.unsplash.com/photo-1543955946-8d33e764d8f2?ixlib=rb-1.2.1&q=80&fm=jpg&crop=entropy&cs=tinysrgb&w=100&h=100&fit=crop&ixid=eyJhcHBfaWQiOjIyMjQzfQ|Fantastic gundam|Corrupti est non assumenda qui. Eos nihil voluptatum delectus eum non nulla nostrum molestias. Animi ad id veritatis animi vel hic voluptatem non. Aut quas facilis blanditiis et adipisci dolorem quis. Eveniet qui odio ab et eos. Provident praesentium et aut vero quia.|gundam|Bernhard - Lesch|used - like new|1|43|Wed Aug 21 2019 01:24:12
298|40|c3907b30-c3ba-11e9-b48d-f9f8f6d1953b|on sale|https://images.unsplash.com/photo-1413708617479-50918bc877eb?ixlib=rb-1.2.1&q=80&fm=jpg&crop=entropy&cs=tinysrgb&w=550&h=550&fit=crop&ixid=eyJhcHBfaWQiOjIyMjQzfQ|https://images.unsplash.com/photo-1413708617479-50918bc877eb?ixlib=rb-1.2.1&q=80&fm=jpg&crop=entropy&cs=tinysrgb&w=400&h=400&fit=crop&ixid=eyJhcHBfaWQiOjIyMjQzfQ|https://images.unsplash.com/photo-1413708617479-50918bc877eb?ixlib=rb-1.2.1&q=80&fm=jpg&crop=entropy&cs=tinysrgb&w=100&h=100&fit=crop&ixid=eyJhcHBfaWQiOjIyMjQzfQ|Rustic headphones|Nisi veniam accusantium commodi est eum saepe. Et laudantium saepe sapiente aut at dolorum doloribus sapiente molestiae.|headphones|Stroman - Price|new|1|698|Wed Aug 21 2019 01:24:12
299|46|c3aa1db0-c3ba-11e9-b48d-f9f8f6d1953b|on sale|https://images.unsplash.com/photo-1529909544046-7af9b3e8e82e?ixlib=rb-1.2.1&q=80&fm=jpg&crop=entropy&cs=tinysrgb&w=550&h=550&fit=crop&ixid=eyJhcHBfaWQiOjIyMjQzfQ|https://images.unsplash.com/photo-1529909544046-7af9b3e8e82e?ixlib=rb-1.2.1&q=80&fm=jpg&crop=entropy&cs=tinysrgb&w=400&h=400&fit=crop&ixid=eyJhcHBfaWQiOjIyMjQzfQ|https://images.unsplash.com/photo-1529909544046-7af9b3e8e82e?ixlib=rb-1.2.1&q=80&fm=jpg&crop=entropy&cs=tinysrgb&w=100&h=100&fit=crop&ixid=eyJhcHBfaWQiOjIyMjQzfQ|Practical boardgame|Est exercitationem reprehenderit voluptas id iure voluptatibus ipsum dolorum voluptate. Ratione in quae. Cumque sapiente praesentium aut. Nam aut ad et magni velit qui eos ducimus.|boardgame|Maggio - Morar|new|1|235|Wed Aug 21 2019 01:24:12
300|59|c3cbd680-c3ba-11e9-b48d-f9f8f6d1953b|on sale|https://images.unsplash.com/photo-1530071698688-1e4c30e1ea52?ixlib=rb-1.2.1&q=80&fm=jpg&crop=entropy&cs=tinysrgb&w=550&h=550&fit=crop&ixid=eyJhcHBfaWQiOjIyMjQzfQ|https://images.unsplash.com/photo-1530071698688-1e4c30e1ea52?ixlib=rb-1.2.1&q=80&fm=jpg&crop=entropy&cs=tinysrgb&w=400&h=400&fit=crop&ixid=eyJhcHBfaWQiOjIyMjQzfQ|https://images.unsplash.com/photo-1530071698688-1e4c30e1ea52?ixlib=rb-1.2.1&q=80&fm=jpg&crop=entropy&cs=tinysrgb&w=100&h=100&fit=crop&ixid=eyJhcHBfaWQiOjIyMjQzfQ|Licensed smart watch|Sint modi voluptas enim fuga. Voluptatem error culpa minima voluptatibus vel. Ratione consectetur qui magnam labore ea. Vero quos non fuga non voluptatum illum. Eius distinctio ut quia maiores neque molestiae reiciendis.|smart watch|Reilly Group|used - good|1|648|Wed Aug 21 2019 01:24:12
301|27|c5af6390-c3ba-11e9-b48d-f9f8f6d1953b|on sale|https://images.unsplash.com/photo-1516981879613-9f5da904015f?ixlib=rb-1.2.1&q=80&fm=jpg&crop=entropy&cs=tinysrgb&w=550&h=550&fit=crop&ixid=eyJhcHBfaWQiOjIyMjQzfQ|https://images.unsplash.com/photo-1516981879613-9f5da904015f?ixlib=rb-1.2.1&q=80&fm=jpg&crop=entropy&cs=tinysrgb&w=400&h=400&fit=crop&ixid=eyJhcHBfaWQiOjIyMjQzfQ|https://images.unsplash.com/photo-1516981879613-9f5da904015f?ixlib=rb-1.2.1&q=80&fm=jpg&crop=entropy&cs=tinysrgb&w=100&h=100&fit=crop&ixid=eyJhcHBfaWQiOjIyMjQzfQ|Practical lego|Sed est aliquid voluptatem et quia quos voluptas repudiandae amet. Voluptas voluptas doloremque ut aut consectetur. Et optio aut mollitia porro facilis iste voluptatem dolor. Voluptatem tempore consequuntur. Consequatur nemo et. Placeat quis sint voluptas.|lego|Franecki, Kozey and Satterfield|used - like new|1|714|Wed Aug 21 2019 01:24:15
302|62|c5cdc100-c3ba-11e9-b48d-f9f8f6d1953b|on sale|https://images.unsplash.com/photo-1541744851675-b5287cf15328?ixlib=rb-1.2.1&q=80&fm=jpg&crop=entropy&cs=tinysrgb&w=550&h=550&fit=crop&ixid=eyJhcHBfaWQiOjIyMjQzfQ|https://images.unsplash.com/photo-1541744851675-b5287cf15328?ixlib=rb-1.2.1&q=80&fm=jpg&crop=entropy&cs=tinysrgb&w=400&h=400&fit=crop&ixid=eyJhcHBfaWQiOjIyMjQzfQ|https://images.unsplash.com/photo-1541744851675-b5287cf15328?ixlib=rb-1.2.1&q=80&fm=jpg&crop=entropy&cs=tinysrgb&w=100&h=100&fit=crop&ixid=eyJhcHBfaWQiOjIyMjQzfQ|Licensed lego|Laborum provident qui eum. Fugiat nihil esse. Velit in sint dolorum in quas nihil cumque. Autem repellendus quo quas sed ipsa quisquam et dicta. Alias nobis voluptas.|lego|Collins, Mosciski and Will|used - like new|1|365|Wed Aug 21 2019 01:24:16
303|34|c5f0d960-c3ba-11e9-b48d-f9f8f6d1953b|on sale|https://images.unsplash.com/photo-1562514613-2b7f6c980fc8?ixlib=rb-1.2.1&q=80&fm=jpg&crop=entropy&cs=tinysrgb&w=550&h=550&fit=crop&ixid=eyJhcHBfaWQiOjIyMjQzfQ|https://images.unsplash.com/photo-1562514613-2b7f6c980fc8?ixlib=rb-1.2.1&q=80&fm=jpg&crop=entropy&cs=tinysrgb&w=400&h=400&fit=crop&ixid=eyJhcHBfaWQiOjIyMjQzfQ|https://images.unsplash.com/photo-1562514613-2b7f6c980fc8?ixlib=rb-1.2.1&q=80&fm=jpg&crop=entropy&cs=tinysrgb&w=100&h=100&fit=crop&ixid=eyJhcHBfaWQiOjIyMjQzfQ|Generic camera|Tenetur qui voluptatem est odit. Dolorem in ab fugiat. Rerum omnis consequatur.|camera|Cummerata Inc|used - good|1|435|Wed Aug 21 2019 01:24:16
304|55|c60e4c70-c3ba-11e9-b48d-f9f8f6d1953b|on sale|https://images.unsplash.com/photo-1529909544046-7af9b3e8e82e?ixlib=rb-1.2.1&q=80&fm=jpg&crop=entropy&cs=tinysrgb&w=550&h=550&fit=crop&ixid=eyJhcHBfaWQiOjIyMjQzfQ|https://images.unsplash.com/photo-1529909544046-7af9b3e8e82e?ixlib=rb-1.2.1&q=80&fm=jpg&crop=entropy&cs=tinysrgb&w=400&h=400&fit=crop&ixid=eyJhcHBfaWQiOjIyMjQzfQ|https://images.unsplash.com/photo-1529909544046-7af9b3e8e82e?ixlib=rb-1.2.1&q=80&fm=jpg&crop=entropy&cs=tinysrgb&w=100&h=100&fit=crop&ixid=eyJhcHBfaWQiOjIyMjQzfQ|Intelligent boardgame|Qui laborum totam quaerat commodi praesentium tempora. Fugiat aut quos quaerat dolore. Voluptatem aliquam inventore.|boardgame|Crooks LLC|new|1|458|Wed Aug 21 2019 01:24:16
305|50|c627a0d0-c3ba-11e9-b48d-f9f8f6d1953b|on sale|https://images.unsplash.com/photo-1549718431-e97c66205e0a?ixlib=rb-1.2.1&q=80&fm=jpg&crop=entropy&cs=tinysrgb&w=550&h=550&fit=crop&ixid=eyJhcHBfaWQiOjIyMjQzfQ|https://images.unsplash.com/photo-1549718431-e97c66205e0a?ixlib=rb-1.2.1&q=80&fm=jpg&crop=entropy&cs=tinysrgb&w=400&h=400&fit=crop&ixid=eyJhcHBfaWQiOjIyMjQzfQ|https://images.unsplash.com/photo-1549718431-e97c66205e0a?ixlib=rb-1.2.1&q=80&fm=jpg&crop=entropy&cs=tinysrgb&w=100&h=100&fit=crop&ixid=eyJhcHBfaWQiOjIyMjQzfQ|Refined boardgame|Praesentium enim ratione rerum saepe iure. Sed ad rerum fugit inventore. Dicta sit rem et dignissimos pariatur iure beatae sint.|boardgame|Robel, Wisozk and Hills|used - good|1|26|Wed Aug 21 2019 01:24:16
306|75|c642c9f0-c3ba-11e9-b48d-f9f8f6d1953b|on sale|https://images.unsplash.com/photo-1459876947801-8879713c9b47?ixlib=rb-1.2.1&q=80&fm=jpg&crop=entropy&cs=tinysrgb&w=550&h=550&fit=crop&ixid=eyJhcHBfaWQiOjIyMjQzfQ|https://images.unsplash.com/photo-1459876947801-8879713c9b47?ixlib=rb-1.2.1&q=80&fm=jpg&crop=entropy&cs=tinysrgb&w=400&h=400&fit=crop&ixid=eyJhcHBfaWQiOjIyMjQzfQ|https://images.unsplash.com/photo-1459876947801-8879713c9b47?ixlib=rb-1.2.1&q=80&fm=jpg&crop=entropy&cs=tinysrgb&w=100&h=100&fit=crop&ixid=eyJhcHBfaWQiOjIyMjQzfQ|Generic starwars|Est rerum cupiditate unde eveniet sint necessitatibus. Quis natus pariatur fugit aut magnam illum omnis. Voluptas sapiente vitae sit dolor quisquam sint nemo perspiciatis. Facilis fugiat ea ut vero. Sapiente veniam omnis tempora necessitatibus. Consequuntur occaecati nemo nihil hic consequatur dicta nisi debitis est.|starwars|Lynch, Treutel and White|used - good|1|654|Wed Aug 21 2019 01:24:16
307|50|c65d7de0-c3ba-11e9-b48d-f9f8f6d1953b|on sale|https://images.unsplash.com/photo-1514793011838-f19fbcc1fe04?ixlib=rb-1.2.1&q=80&fm=jpg&crop=entropy&cs=tinysrgb&w=550&h=550&fit=crop&ixid=eyJhcHBfaWQiOjIyMjQzfQ|https://images.unsplash.com/photo-1514793011838-f19fbcc1fe04?ixlib=rb-1.2.1&q=80&fm=jpg&crop=entropy&cs=tinysrgb&w=400&h=400&fit=crop&ixid=eyJhcHBfaWQiOjIyMjQzfQ|https://images.unsplash.com/photo-1514793011838-f19fbcc1fe04?ixlib=rb-1.2.1&q=80&fm=jpg&crop=entropy&cs=tinysrgb&w=100&h=100&fit=crop&ixid=eyJhcHBfaWQiOjIyMjQzfQ|Tasty smart watch|Et dolor est expedita nesciunt illum voluptas quia ut. Quo beatae culpa officiis et expedita voluptas voluptate id aut. Velit exercitationem eum facilis non numquam est beatae. Quisquam ipsum praesentium autem quia quas saepe molestiae. Quo autem et earum omnis et in eum velit cumque. Et repudiandae aliquam autem vel accusantium alias sit aliquid similique.|smart watch|Crist - Pouros|new|1|954|Wed Aug 21 2019 01:24:17
308|52|c674af60-c3ba-11e9-b48d-f9f8f6d1953b|on sale|https://images.unsplash.com/photo-1478479474071-8a3014d422c8?ixlib=rb-1.2.1&q=80&fm=jpg&crop=entropy&cs=tinysrgb&w=550&h=550&fit=crop&ixid=eyJhcHBfaWQiOjIyMjQzfQ|https://images.unsplash.com/photo-1478479474071-8a3014d422c8?ixlib=rb-1.2.1&q=80&fm=jpg&crop=entropy&cs=tinysrgb&w=400&h=400&fit=crop&ixid=eyJhcHBfaWQiOjIyMjQzfQ|https://images.unsplash.com/photo-1478479474071-8a3014d422c8?ixlib=rb-1.2.1&q=80&fm=jpg&crop=entropy&cs=tinysrgb&w=100&h=100&fit=crop&ixid=eyJhcHBfaWQiOjIyMjQzfQ|Refined starwars|Hic accusantium eveniet nostrum perferendis. Ipsa deleniti laboriosam necessitatibus temporibus consequatur et omnis quo. Corporis consequatur aut quia blanditiis autem veniam. Quibusdam voluptas et officiis sapiente possimus et sed.|starwars|Quitzon Inc|used - like new|1|140|Wed Aug 21 2019 01:24:17
309|21|c68fff90-c3ba-11e9-b48d-f9f8f6d1953b|on sale|https://images.unsplash.com/photo-1472457897821-70d3819a0e24?ixlib=rb-1.2.1&q=80&fm=jpg&crop=entropy&cs=tinysrgb&w=550&h=550&fit=crop&ixid=eyJhcHBfaWQiOjIyMjQzfQ|https://images.unsplash.com/photo-1472457897821-70d3819a0e24?ixlib=rb-1.2.1&q=80&fm=jpg&crop=entropy&cs=tinysrgb&w=400&h=400&fit=crop&ixid=eyJhcHBfaWQiOjIyMjQzfQ|https://images.unsplash.com/photo-1472457897821-70d3819a0e24?ixlib=rb-1.2.1&q=80&fm=jpg&crop=entropy&cs=tinysrgb&w=100&h=100&fit=crop&ixid=eyJhcHBfaWQiOjIyMjQzfQ|Practical lego|Temporibus et quos rerum suscipit error labore et voluptatum eius. Architecto voluptates fugiat.|lego|Medhurst, Von and Schaden|used - good|1|542|Wed Aug 21 2019 01:24:17
310|1|c6a890a0-c3ba-11e9-b48d-f9f8f6d1953b|on sale|https://images.unsplash.com/photo-1533613220915-609f661a6fe1?ixlib=rb-1.2.1&q=80&fm=jpg&crop=entropy&cs=tinysrgb&w=550&h=550&fit=crop&ixid=eyJhcHBfaWQiOjIyMjQzfQ|https://images.unsplash.com/photo-1533613220915-609f661a6fe1?ixlib=rb-1.2.1&q=80&fm=jpg&crop=entropy&cs=tinysrgb&w=400&h=400&fit=crop&ixid=eyJhcHBfaWQiOjIyMjQzfQ|https://images.unsplash.com/photo-1533613220915-609f661a6fe1?ixlib=rb-1.2.1&q=80&fm=jpg&crop=entropy&cs=tinysrgb&w=100&h=100&fit=crop&ixid=eyJhcHBfaWQiOjIyMjQzfQ|Incredible starwars|Quo et dolores. Dignissimos ullam sunt debitis enim ut voluptate ut nihil eos.|starwars|Schimmel Group|used - very good|1|568|Wed Aug 21 2019 01:24:17
311|56|c6c36ba0-c3ba-11e9-b48d-f9f8f6d1953b|on sale|https://images.unsplash.com/photo-1472457847783-3d10540b03d7?ixlib=rb-1.2.1&q=80&fm=jpg&crop=entropy&cs=tinysrgb&w=550&h=550&fit=crop&ixid=eyJhcHBfaWQiOjIyMjQzfQ|https://images.unsplash.com/photo-1472457847783-3d10540b03d7?ixlib=rb-1.2.1&q=80&fm=jpg&crop=entropy&cs=tinysrgb&w=400&h=400&fit=crop&ixid=eyJhcHBfaWQiOjIyMjQzfQ|https://images.unsplash.com/photo-1472457847783-3d10540b03d7?ixlib=rb-1.2.1&q=80&fm=jpg&crop=entropy&cs=tinysrgb&w=100&h=100&fit=crop&ixid=eyJhcHBfaWQiOjIyMjQzfQ|Practical starwars|Consequatur ex eos dolor tempora molestiae molestiae autem. Sunt consequatur quis rem ex ad quibusdam. Sed quo sunt velit voluptas dicta officiis harum eligendi.|starwars|Schneider, Leffler and Labadie|used - like new|1|993|Wed Aug 21 2019 01:24:17
312|69|c6ddaa60-c3ba-11e9-b48d-f9f8f6d1953b|on sale|https://images.unsplash.com/photo-1461141346587-763ab02bced9?ixlib=rb-1.2.1&q=80&fm=jpg&crop=entropy&cs=tinysrgb&w=550&h=550&fit=crop&ixid=eyJhcHBfaWQiOjIyMjQzfQ|https://images.unsplash.com/photo-1461141346587-763ab02bced9?ixlib=rb-1.2.1&q=80&fm=jpg&crop=entropy&cs=tinysrgb&w=400&h=400&fit=crop&ixid=eyJhcHBfaWQiOjIyMjQzfQ|https://images.unsplash.com/photo-1461141346587-763ab02bced9?ixlib=rb-1.2.1&q=80&fm=jpg&crop=entropy&cs=tinysrgb&w=100&h=100&fit=crop&ixid=eyJhcHBfaWQiOjIyMjQzfQ|Intelligent smart watch|Id quis et odio tenetur inventore exercitationem qui dolorem in. Est praesentium est aut placeat magnam veritatis. Voluptas nisi error modi et libero et quo nihil qui. Laborum aperiam ut recusandae qui. Ut voluptas nesciunt et quia cupiditate.|smart watch|Homenick Group|used - very good|1|321|Wed Aug 21 2019 01:24:17
313|70|c6fe51c0-c3ba-11e9-b48d-f9f8f6d1953b|on sale|https://images.unsplash.com/photo-1474139169836-9b0f8f138409?ixlib=rb-1.2.1&q=80&fm=jpg&crop=entropy&cs=tinysrgb&w=550&h=550&fit=crop&ixid=eyJhcHBfaWQiOjIyMjQzfQ|https://images.unsplash.com/photo-1474139169836-9b0f8f138409?ixlib=rb-1.2.1&q=80&fm=jpg&crop=entropy&cs=tinysrgb&w=400&h=400&fit=crop&ixid=eyJhcHBfaWQiOjIyMjQzfQ|https://images.unsplash.com/photo-1474139169836-9b0f8f138409?ixlib=rb-1.2.1&q=80&fm=jpg&crop=entropy&cs=tinysrgb&w=100&h=100&fit=crop&ixid=eyJhcHBfaWQiOjIyMjQzfQ|Intelligent drone|Aut consequatur ut. Quasi in occaecati id qui. Minus molestias et nihil reprehenderit repellendus voluptatem consectetur placeat. Eos inventore praesentium natus soluta quaerat. Consectetur et expedita nihil esse. Et nostrum temporibus totam ipsam unde.|drone|Leannon - Borer|new|1|692|Wed Aug 21 2019 01:24:18
314|28|c71c6110-c3ba-11e9-b48d-f9f8f6d1953b|on sale|https://images.unsplash.com/photo-1516615894842-89dc078faa23?ixlib=rb-1.2.1&q=80&fm=jpg&crop=entropy&cs=tinysrgb&w=550&h=550&fit=crop&ixid=eyJhcHBfaWQiOjIyMjQzfQ|https://images.unsplash.com/photo-1516615894842-89dc078faa23?ixlib=rb-1.2.1&q=80&fm=jpg&crop=entropy&cs=tinysrgb&w=400&h=400&fit=crop&ixid=eyJhcHBfaWQiOjIyMjQzfQ|https://images.unsplash.com/photo-1516615894842-89dc078faa23?ixlib=rb-1.2.1&q=80&fm=jpg&crop=entropy&cs=tinysrgb&w=100&h=100&fit=crop&ixid=eyJhcHBfaWQiOjIyMjQzfQ|Awesome camera|At alias adipisci nostrum corrupti id recusandae illum reiciendis. Sed illum tempora consectetur fuga fugiat eos accusantium ipsum.|camera|Roob Inc|used - like new|1|763|Wed Aug 21 2019 01:24:18
315|32|c73910d0-c3ba-11e9-b48d-f9f8f6d1953b|on sale|https://images.unsplash.com/photo-1564749079770-1c8794e1f9ca?ixlib=rb-1.2.1&q=80&fm=jpg&crop=entropy&cs=tinysrgb&w=550&h=550&fit=crop&ixid=eyJhcHBfaWQiOjIyMjQzfQ|https://images.unsplash.com/photo-1564749079770-1c8794e1f9ca?ixlib=rb-1.2.1&q=80&fm=jpg&crop=entropy&cs=tinysrgb&w=400&h=400&fit=crop&ixid=eyJhcHBfaWQiOjIyMjQzfQ|https://images.unsplash.com/photo-1564749079770-1c8794e1f9ca?ixlib=rb-1.2.1&q=80&fm=jpg&crop=entropy&cs=tinysrgb&w=100&h=100&fit=crop&ixid=eyJhcHBfaWQiOjIyMjQzfQ|Rustic robots|Quis dolor sed enim eligendi explicabo est perferendis. Unde quibusdam unde. Est incidunt quis sapiente hic. Facilis rerum quis ipsam earum saepe dolorem ut nobis minus. Aliquam aliquam voluptas et sint qui nisi dolore repudiandae.|robots|Howe Inc|used - very good|1|685|Wed Aug 21 2019 01:24:18
316|20|c7580a80-c3ba-11e9-b48d-f9f8f6d1953b|on sale|https://images.unsplash.com/photo-1529909544046-7af9b3e8e82e?ixlib=rb-1.2.1&q=80&fm=jpg&crop=entropy&cs=tinysrgb&w=550&h=550&fit=crop&ixid=eyJhcHBfaWQiOjIyMjQzfQ|https://images.unsplash.com/photo-1529909544046-7af9b3e8e82e?ixlib=rb-1.2.1&q=80&fm=jpg&crop=entropy&cs=tinysrgb&w=400&h=400&fit=crop&ixid=eyJhcHBfaWQiOjIyMjQzfQ|https://images.unsplash.com/photo-1529909544046-7af9b3e8e82e?ixlib=rb-1.2.1&q=80&fm=jpg&crop=entropy&cs=tinysrgb&w=100&h=100&fit=crop&ixid=eyJhcHBfaWQiOjIyMjQzfQ|Refined boardgame|Delectus voluptatem quia sit. Et repudiandae laboriosam. Molestias rerum iste est. Et beatae voluptas.|boardgame|Rice Group|used - like new|1|617|Wed Aug 21 2019 01:24:18
317|5|c78b0160-c3ba-11e9-b48d-f9f8f6d1953b|on sale|https://images.unsplash.com/photo-1478479474071-8a3014d422c8?ixlib=rb-1.2.1&q=80&fm=jpg&crop=entropy&cs=tinysrgb&w=550&h=550&fit=crop&ixid=eyJhcHBfaWQiOjIyMjQzfQ|https://images.unsplash.com/photo-1478479474071-8a3014d422c8?ixlib=rb-1.2.1&q=80&fm=jpg&crop=entropy&cs=tinysrgb&w=400&h=400&fit=crop&ixid=eyJhcHBfaWQiOjIyMjQzfQ|https://images.unsplash.com/photo-1478479474071-8a3014d422c8?ixlib=rb-1.2.1&q=80&fm=jpg&crop=entropy&cs=tinysrgb&w=100&h=100&fit=crop&ixid=eyJhcHBfaWQiOjIyMjQzfQ|Gorgeous starwars|Adipisci consectetur modi dignissimos omnis aliquid. Sequi soluta dolorem autem ut pariatur et voluptas voluptatem et. Et illo sint nam quia aut et quas.|starwars|Kihn, Windler and Russel|used - very good|1|838|Wed Aug 21 2019 01:24:19
318|70|c7a89b80-c3ba-11e9-b48d-f9f8f6d1953b|on sale|https://images.unsplash.com/photo-1550959087-f655e48c2b8d?ixlib=rb-1.2.1&q=80&fm=jpg&crop=entropy&cs=tinysrgb&w=550&h=550&fit=crop&ixid=eyJhcHBfaWQiOjIyMjQzfQ|https://images.unsplash.com/photo-1550959087-f655e48c2b8d?ixlib=rb-1.2.1&q=80&fm=jpg&crop=entropy&cs=tinysrgb&w=400&h=400&fit=crop&ixid=eyJhcHBfaWQiOjIyMjQzfQ|https://images.unsplash.com/photo-1550959087-f655e48c2b8d?ixlib=rb-1.2.1&q=80&fm=jpg&crop=entropy&cs=tinysrgb&w=100&h=100&fit=crop&ixid=eyJhcHBfaWQiOjIyMjQzfQ|Gorgeous robots|Omnis aliquam placeat eaque laboriosam quod magni doloremque. Ducimus non modi sunt voluptatibus. Eligendi iusto reiciendis explicabo.|robots|Flatley and Sons|used - good|1|412|Wed Aug 21 2019 01:24:19
319|12|c7c26510-c3ba-11e9-b48d-f9f8f6d1953b|on sale|https://images.unsplash.com/photo-1543413305-ea22e5cc007b?ixlib=rb-1.2.1&q=80&fm=jpg&crop=entropy&cs=tinysrgb&w=550&h=550&fit=crop&ixid=eyJhcHBfaWQiOjIyMjQzfQ|https://images.unsplash.com/photo-1543413305-ea22e5cc007b?ixlib=rb-1.2.1&q=80&fm=jpg&crop=entropy&cs=tinysrgb&w=400&h=400&fit=crop&ixid=eyJhcHBfaWQiOjIyMjQzfQ|https://images.unsplash.com/photo-1543413305-ea22e5cc007b?ixlib=rb-1.2.1&q=80&fm=jpg&crop=entropy&cs=tinysrgb&w=100&h=100&fit=crop&ixid=eyJhcHBfaWQiOjIyMjQzfQ|Licensed gundam|Enim totam fugiat et quis quos officia minus dolorem aspernatur. Ut enim voluptas laboriosam architecto nostrum numquam. Qui est culpa quae ut assumenda. Blanditiis rerum voluptatibus velit officia molestiae. Similique eum pariatur sed dolores sequi quo at magnam. Illo et sit omnis eum et in molestias.|gundam|Smitham, Flatley and Zemlak|used - like new|1|27|Wed Aug 21 2019 01:24:19
320|57|c7e863a0-c3ba-11e9-b48d-f9f8f6d1953b|on sale|https://images.unsplash.com/photo-1488903460117-6fb0b4a4ec9f?ixlib=rb-1.2.1&q=80&fm=jpg&crop=entropy&cs=tinysrgb&w=550&h=550&fit=crop&ixid=eyJhcHBfaWQiOjIyMjQzfQ|https://images.unsplash.com/photo-1488903460117-6fb0b4a4ec9f?ixlib=rb-1.2.1&q=80&fm=jpg&crop=entropy&cs=tinysrgb&w=400&h=400&fit=crop&ixid=eyJhcHBfaWQiOjIyMjQzfQ|https://images.unsplash.com/photo-1488903460117-6fb0b4a4ec9f?ixlib=rb-1.2.1&q=80&fm=jpg&crop=entropy&cs=tinysrgb&w=100&h=100&fit=crop&ixid=eyJhcHBfaWQiOjIyMjQzfQ|Ergonomic camera|Consectetur soluta facere soluta incidunt corporis dignissimos. Nobis architecto eum eos. Et enim aliquam error blanditiis repellendus eos beatae libero tempora.|camera|Rolfson - Quigley|used - very good|1|349|Wed Aug 21 2019 01:24:19
321|13|c80169e0-c3ba-11e9-b48d-f9f8f6d1953b|on sale|https://images.unsplash.com/photo-1529909544046-7af9b3e8e82e?ixlib=rb-1.2.1&q=80&fm=jpg&crop=entropy&cs=tinysrgb&w=550&h=550&fit=crop&ixid=eyJhcHBfaWQiOjIyMjQzfQ|https://images.unsplash.com/photo-1529909544046-7af9b3e8e82e?ixlib=rb-1.2.1&q=80&fm=jpg&crop=entropy&cs=tinysrgb&w=400&h=400&fit=crop&ixid=eyJhcHBfaWQiOjIyMjQzfQ|https://images.unsplash.com/photo-1529909544046-7af9b3e8e82e?ixlib=rb-1.2.1&q=80&fm=jpg&crop=entropy&cs=tinysrgb&w=100&h=100&fit=crop&ixid=eyJhcHBfaWQiOjIyMjQzfQ|Tasty boardgame|Natus dolores cupiditate corrupti quos ipsa placeat aut velit. Velit ab assumenda. Aliquid sit sit sapiente. Sit quo adipisci. Natus suscipit delectus praesentium animi non voluptas.|boardgame|Keebler and Sons|used - like new|1|452|Wed Aug 21 2019 01:24:19
322|47|c81b3370-c3ba-11e9-b48d-f9f8f6d1953b|on sale|https://images.unsplash.com/photo-1482331670179-a96e5ee492da?ixlib=rb-1.2.1&q=80&fm=jpg&crop=entropy&cs=tinysrgb&w=550&h=550&fit=crop&ixid=eyJhcHBfaWQiOjIyMjQzfQ|https://images.unsplash.com/photo-1482331670179-a96e5ee492da?ixlib=rb-1.2.1&q=80&fm=jpg&crop=entropy&cs=tinysrgb&w=400&h=400&fit=crop&ixid=eyJhcHBfaWQiOjIyMjQzfQ|https://images.unsplash.com/photo-1482331670179-a96e5ee492da?ixlib=rb-1.2.1&q=80&fm=jpg&crop=entropy&cs=tinysrgb&w=100&h=100&fit=crop&ixid=eyJhcHBfaWQiOjIyMjQzfQ|Practical starwars|Nostrum quasi praesentium est dolorem autem nihil vel. Suscipit iure odio. Libero a sit modi asperiores ut dolores non rerum. Ullam totam commodi optio aut suscipit accusantium quisquam ex. Tempore maiores rerum cupiditate ea voluptatem nobis suscipit unde. Reprehenderit et et quos in quos cupiditate repudiandae.|starwars|Jones - Marquardt|used - like new|1|976|Wed Aug 21 2019 01:24:20
323|71|c83683a0-c3ba-11e9-b48d-f9f8f6d1953b|on sale|https://images.unsplash.com/photo-1550959087-f655e48c2b8d?ixlib=rb-1.2.1&q=80&fm=jpg&crop=entropy&cs=tinysrgb&w=550&h=550&fit=crop&ixid=eyJhcHBfaWQiOjIyMjQzfQ|https://images.unsplash.com/photo-1550959087-f655e48c2b8d?ixlib=rb-1.2.1&q=80&fm=jpg&crop=entropy&cs=tinysrgb&w=400&h=400&fit=crop&ixid=eyJhcHBfaWQiOjIyMjQzfQ|https://images.unsplash.com/photo-1550959087-f655e48c2b8d?ixlib=rb-1.2.1&q=80&fm=jpg&crop=entropy&cs=tinysrgb&w=100&h=100&fit=crop&ixid=eyJhcHBfaWQiOjIyMjQzfQ|Ergonomic robots|Sint magnam velit inventore voluptate quae eius. Ut maiores non natus non sit facere. Quisquam fugit nostrum quo dolor saepe atque eum. Quia quaerat est ipsa et.|robots|Schowalter and Sons|used - good|1|463|Wed Aug 21 2019 01:24:20
324|71|c8524900-c3ba-11e9-b48d-f9f8f6d1953b|on sale|https://images.unsplash.com/photo-1495055154266-57bbdeada43e?ixlib=rb-1.2.1&q=80&fm=jpg&crop=entropy&cs=tinysrgb&w=550&h=550&fit=crop&ixid=eyJhcHBfaWQiOjIyMjQzfQ|https://images.unsplash.com/photo-1495055154266-57bbdeada43e?ixlib=rb-1.2.1&q=80&fm=jpg&crop=entropy&cs=tinysrgb&w=400&h=400&fit=crop&ixid=eyJhcHBfaWQiOjIyMjQzfQ|https://images.unsplash.com/photo-1495055154266-57bbdeada43e?ixlib=rb-1.2.1&q=80&fm=jpg&crop=entropy&cs=tinysrgb&w=100&h=100&fit=crop&ixid=eyJhcHBfaWQiOjIyMjQzfQ|Handcrafted robots|Maxime suscipit quo ea amet quo commodi ut sint. Aut repudiandae aliquid aut est est sint doloribus eligendi illum. Velit voluptatem et nisi doloribus. Distinctio praesentium suscipit dolor dolores rerum et dolorem et fuga. Quod aspernatur quia accusamus. Magnam dolor doloribus et dolores.|robots|Von, Erdman and Hilpert|used - good|1|813|Wed Aug 21 2019 01:24:20
325|53|c87e6210-c3ba-11e9-b48d-f9f8f6d1953b|on sale|https://images.unsplash.com/photo-1561634507-b0cd27bf0aa7?ixlib=rb-1.2.1&q=80&fm=jpg&crop=entropy&cs=tinysrgb&w=550&h=550&fit=crop&ixid=eyJhcHBfaWQiOjIyMjQzfQ|https://images.unsplash.com/photo-1561634507-b0cd27bf0aa7?ixlib=rb-1.2.1&q=80&fm=jpg&crop=entropy&cs=tinysrgb&w=400&h=400&fit=crop&ixid=eyJhcHBfaWQiOjIyMjQzfQ|https://images.unsplash.com/photo-1561634507-b0cd27bf0aa7?ixlib=rb-1.2.1&q=80&fm=jpg&crop=entropy&cs=tinysrgb&w=100&h=100&fit=crop&ixid=eyJhcHBfaWQiOjIyMjQzfQ|Ergonomic robots|Qui iure doloribus. Est qui corporis quod rerum quisquam vel nihil. Vel ut ut rerum eos. Esse ullam beatae et rerum.|robots|Blick LLC|used - good|1|189|Wed Aug 21 2019 01:24:20
326|32|c8a34f30-c3ba-11e9-b48d-f9f8f6d1953b|on sale|https://images.unsplash.com/photo-1513348313239-6ccc6c25c11b?ixlib=rb-1.2.1&q=80&fm=jpg&crop=entropy&cs=tinysrgb&w=550&h=550&fit=crop&ixid=eyJhcHBfaWQiOjIyMjQzfQ|https://images.unsplash.com/photo-1513348313239-6ccc6c25c11b?ixlib=rb-1.2.1&q=80&fm=jpg&crop=entropy&cs=tinysrgb&w=400&h=400&fit=crop&ixid=eyJhcHBfaWQiOjIyMjQzfQ|https://images.unsplash.com/photo-1513348313239-6ccc6c25c11b?ixlib=rb-1.2.1&q=80&fm=jpg&crop=entropy&cs=tinysrgb&w=100&h=100&fit=crop&ixid=eyJhcHBfaWQiOjIyMjQzfQ|Small smart watch|Assumenda in totam quos aperiam molestiae quas eos quia non. Sit magnam ea ut voluptas dolorum. Et ut molestias. Atque in voluptatem nihil in minus et. Quis consectetur adipisci molestias incidunt quisquam placeat accusantium omnis. Delectus officia et excepturi in consectetur temporibus aut repellat labore.|smart watch|Murazik - Dibbert|used - very good|1|387|Wed Aug 21 2019 01:24:20
327|10|c8bcf1b0-c3ba-11e9-b48d-f9f8f6d1953b|on sale|https://images.unsplash.com/photo-1525097522700-a4b80b773931?ixlib=rb-1.2.1&q=80&fm=jpg&crop=entropy&cs=tinysrgb&w=550&h=550&fit=crop&ixid=eyJhcHBfaWQiOjIyMjQzfQ|https://images.unsplash.com/photo-1525097522700-a4b80b773931?ixlib=rb-1.2.1&q=80&fm=jpg&crop=entropy&cs=tinysrgb&w=400&h=400&fit=crop&ixid=eyJhcHBfaWQiOjIyMjQzfQ|https://images.unsplash.com/photo-1525097522700-a4b80b773931?ixlib=rb-1.2.1&q=80&fm=jpg&crop=entropy&cs=tinysrgb&w=100&h=100&fit=crop&ixid=eyJhcHBfaWQiOjIyMjQzfQ|Generic lego|Et voluptate sint pariatur eaque modi est. Et fugiat tenetur voluptate sapiente quidem. Eum quam nulla illo ab corrupti qui itaque. Quasi aliquam praesentium ea at vitae veritatis voluptatem provident.|lego|Murazik - Daniel|new|1|956|Wed Aug 21 2019 01:24:21
328|47|c8d7f3c0-c3ba-11e9-b48d-f9f8f6d1953b|on sale|https://images.unsplash.com/photo-1473662711507-13345f9d447c?ixlib=rb-1.2.1&q=80&fm=jpg&crop=entropy&cs=tinysrgb&w=550&h=550&fit=crop&ixid=eyJhcHBfaWQiOjIyMjQzfQ|https://images.unsplash.com/photo-1473662711507-13345f9d447c?ixlib=rb-1.2.1&q=80&fm=jpg&crop=entropy&cs=tinysrgb&w=400&h=400&fit=crop&ixid=eyJhcHBfaWQiOjIyMjQzfQ|https://images.unsplash.com/photo-1473662711507-13345f9d447c?ixlib=rb-1.2.1&q=80&fm=jpg&crop=entropy&cs=tinysrgb&w=100&h=100&fit=crop&ixid=eyJhcHBfaWQiOjIyMjQzfQ|Unbranded lego|Temporibus eveniet at totam deserunt soluta rerum id et similique. Eum eum amet officia beatae deleniti deserunt. Sed nihil debitis et. Nihil impedit sint veniam est. Rerum aut qui recusandae.|lego|Lindgren, Jones and Mayer|used - like new|1|803|Wed Aug 21 2019 01:24:21
329|22|c8fb0c20-c3ba-11e9-b48d-f9f8f6d1953b|on sale|https://images.unsplash.com/photo-1500406106446-a558895e1d87?ixlib=rb-1.2.1&q=80&fm=jpg&crop=entropy&cs=tinysrgb&w=550&h=550&fit=crop&ixid=eyJhcHBfaWQiOjIyMjQzfQ|https://images.unsplash.com/photo-1500406106446-a558895e1d87?ixlib=rb-1.2.1&q=80&fm=jpg&crop=entropy&cs=tinysrgb&w=400&h=400&fit=crop&ixid=eyJhcHBfaWQiOjIyMjQzfQ|https://images.unsplash.com/photo-1500406106446-a558895e1d87?ixlib=rb-1.2.1&q=80&fm=jpg&crop=entropy&cs=tinysrgb&w=100&h=100&fit=crop&ixid=eyJhcHBfaWQiOjIyMjQzfQ|Sleek drone|Laudantium quis odio vero delectus praesentium soluta quasi. Et autem neque ut totam aperiam enim. Aut doloribus quas esse dolorem dolor quod dolorem ut minima. Velit esse voluptate ex rem accusamus incidunt quos voluptas repudiandae. Reiciendis id voluptates veritatis iure modi. Ducimus ea ut sed voluptas molestiae magni.|drone|Herman, Ruecker and Tillman|used - very good|1|529|Wed Aug 21 2019 01:24:21
330|59|c91d1310-c3ba-11e9-b48d-f9f8f6d1953b|on sale|https://images.unsplash.com/photo-1550959087-f655e48c2b8d?ixlib=rb-1.2.1&q=80&fm=jpg&crop=entropy&cs=tinysrgb&w=550&h=550&fit=crop&ixid=eyJhcHBfaWQiOjIyMjQzfQ|https://images.unsplash.com/photo-1550959087-f655e48c2b8d?ixlib=rb-1.2.1&q=80&fm=jpg&crop=entropy&cs=tinysrgb&w=400&h=400&fit=crop&ixid=eyJhcHBfaWQiOjIyMjQzfQ|https://images.unsplash.com/photo-1550959087-f655e48c2b8d?ixlib=rb-1.2.1&q=80&fm=jpg&crop=entropy&cs=tinysrgb&w=100&h=100&fit=crop&ixid=eyJhcHBfaWQiOjIyMjQzfQ|Handmade robots|Quasi nesciunt fugit rem eaque. Voluptate aut quidem neque aut est et. Hic fugiat quo aliquid velit.|robots|Stehr, Friesen and Abshire|new|1|751|Wed Aug 21 2019 01:24:21
331|16|c93ef2f0-c3ba-11e9-b48d-f9f8f6d1953b|on sale|https://images.unsplash.com/photo-1452457779869-0a9ebbbdee99?ixlib=rb-1.2.1&q=80&fm=jpg&crop=entropy&cs=tinysrgb&w=550&h=550&fit=crop&ixid=eyJhcHBfaWQiOjIyMjQzfQ|https://images.unsplash.com/photo-1452457779869-0a9ebbbdee99?ixlib=rb-1.2.1&q=80&fm=jpg&crop=entropy&cs=tinysrgb&w=400&h=400&fit=crop&ixid=eyJhcHBfaWQiOjIyMjQzfQ|https://images.unsplash.com/photo-1452457779869-0a9ebbbdee99?ixlib=rb-1.2.1&q=80&fm=jpg&crop=entropy&cs=tinysrgb&w=100&h=100&fit=crop&ixid=eyJhcHBfaWQiOjIyMjQzfQ|Practical headphones|Magni nesciunt repellendus labore fuga. Id non facere adipisci excepturi harum non qui sit cumque. Maxime sapiente dolorum eos. Sint molestias repellendus nesciunt at a ipsam quia inventore. Officia fuga dolores numquam aut aperiam assumenda hic et. Laboriosam occaecati id totam quibusdam laboriosam aliquam.|headphones|McKenzie - Leffler|used - very good|1|975|Wed Aug 21 2019 01:24:21
332|53|c9619620-c3ba-11e9-b48d-f9f8f6d1953b|on sale|https://images.unsplash.com/photo-1531483558298-2b085daf4241?ixlib=rb-1.2.1&q=80&fm=jpg&crop=entropy&cs=tinysrgb&w=550&h=550&fit=crop&ixid=eyJhcHBfaWQiOjIyMjQzfQ|https://images.unsplash.com/photo-1531483558298-2b085daf4241?ixlib=rb-1.2.1&q=80&fm=jpg&crop=entropy&cs=tinysrgb&w=400&h=400&fit=crop&ixid=eyJhcHBfaWQiOjIyMjQzfQ|https://images.unsplash.com/photo-1531483558298-2b085daf4241?ixlib=rb-1.2.1&q=80&fm=jpg&crop=entropy&cs=tinysrgb&w=100&h=100&fit=crop&ixid=eyJhcHBfaWQiOjIyMjQzfQ|Small game|Consequuntur minima minus est delectus aperiam. Blanditiis beatae qui eum facere consequatur earum. Asperiores perspiciatis neque quasi voluptatem. Corrupti porro maiores qui iusto quo corporis aut et explicabo. Quisquam nihil voluptatem eligendi dolor. Qui aliquid beatae.|game|Lesch, Fisher and Stanton|used - good|1|336|Wed Aug 21 2019 01:24:22
333|40|c98571d0-c3ba-11e9-b48d-f9f8f6d1953b|on sale|https://images.unsplash.com/photo-1456615913800-c33540eac399?ixlib=rb-1.2.1&q=80&fm=jpg&crop=entropy&cs=tinysrgb&w=550&h=550&fit=crop&ixid=eyJhcHBfaWQiOjIyMjQzfQ|https://images.unsplash.com/photo-1456615913800-c33540eac399?ixlib=rb-1.2.1&q=80&fm=jpg&crop=entropy&cs=tinysrgb&w=400&h=400&fit=crop&ixid=eyJhcHBfaWQiOjIyMjQzfQ|https://images.unsplash.com/photo-1456615913800-c33540eac399?ixlib=rb-1.2.1&q=80&fm=jpg&crop=entropy&cs=tinysrgb&w=100&h=100&fit=crop&ixid=eyJhcHBfaWQiOjIyMjQzfQ|Unbranded drone|Aut necessitatibus ea. Error possimus voluptas numquam unde.|drone|Renner LLC|used - good|1|598|Wed Aug 21 2019 01:24:22
334|79|c9a296c0-c3ba-11e9-b48d-f9f8f6d1953b|on sale|https://images.unsplash.com/photo-1480434945668-94be06bbd507?ixlib=rb-1.2.1&q=80&fm=jpg&crop=entropy&cs=tinysrgb&w=550&h=550&fit=crop&ixid=eyJhcHBfaWQiOjIyMjQzfQ|https://images.unsplash.com/photo-1480434945668-94be06bbd507?ixlib=rb-1.2.1&q=80&fm=jpg&crop=entropy&cs=tinysrgb&w=400&h=400&fit=crop&ixid=eyJhcHBfaWQiOjIyMjQzfQ|https://images.unsplash.com/photo-1480434945668-94be06bbd507?ixlib=rb-1.2.1&q=80&fm=jpg&crop=entropy&cs=tinysrgb&w=100&h=100&fit=crop&ixid=eyJhcHBfaWQiOjIyMjQzfQ|Gorgeous drone|Laborum pariatur veritatis architecto. Blanditiis architecto veniam ut ut officia officiis quis eum nemo. Modi quis voluptas optio atque numquam quis illo omnis sed. Voluptas repellat rerum rerum non minima voluptatem ut. Debitis aperiam adipisci unde autem iure hic sed voluptas vitae. Sint voluptatum et sed non dolorem praesentium.|drone|Anderson - Mosciski|new|1|783|Wed Aug 21 2019 01:24:22
335|25|c9bc1230-c3ba-11e9-b48d-f9f8f6d1953b|on sale|https://images.unsplash.com/photo-1543756070-dd3109556b0e?ixlib=rb-1.2.1&q=80&fm=jpg&crop=entropy&cs=tinysrgb&w=550&h=550&fit=crop&ixid=eyJhcHBfaWQiOjIyMjQzfQ|https://images.unsplash.com/photo-1543756070-dd3109556b0e?ixlib=rb-1.2.1&q=80&fm=jpg&crop=entropy&cs=tinysrgb&w=400&h=400&fit=crop&ixid=eyJhcHBfaWQiOjIyMjQzfQ|https://images.unsplash.com/photo-1543756070-dd3109556b0e?ixlib=rb-1.2.1&q=80&fm=jpg&crop=entropy&cs=tinysrgb&w=100&h=100&fit=crop&ixid=eyJhcHBfaWQiOjIyMjQzfQ|Refined boardgame|Aperiam accusantium deleniti ea sapiente vitae praesentium quaerat. A beatae dolore aspernatur qui modi.|boardgame|McLaughlin Group|used - very good|1|96|Wed Aug 21 2019 01:24:22
336|36|cb9f0300-c3ba-11e9-b48d-f9f8f6d1953b|on sale|https://images.unsplash.com/photo-1562461089-907f104c2b9d?ixlib=rb-1.2.1&q=80&fm=jpg&crop=entropy&cs=tinysrgb&w=550&h=550&fit=crop&ixid=eyJhcHBfaWQiOjIyMjQzfQ|https://images.unsplash.com/photo-1562461089-907f104c2b9d?ixlib=rb-1.2.1&q=80&fm=jpg&crop=entropy&cs=tinysrgb&w=400&h=400&fit=crop&ixid=eyJhcHBfaWQiOjIyMjQzfQ|https://images.unsplash.com/photo-1562461089-907f104c2b9d?ixlib=rb-1.2.1&q=80&fm=jpg&crop=entropy&cs=tinysrgb&w=100&h=100&fit=crop&ixid=eyJhcHBfaWQiOjIyMjQzfQ|Sleek gundam|Iusto illum non impedit rem nihil. Fuga rerum repellat atque et aut optio est. Quia facere molestiae ex.|gundam|Altenwerth - Kertzmann|new|1|531|Wed Aug 21 2019 01:24:25
337|13|cbc66120-c3ba-11e9-b48d-f9f8f6d1953b|on sale|https://images.unsplash.com/photo-1457555512722-17d34d208981?ixlib=rb-1.2.1&q=80&fm=jpg&crop=entropy&cs=tinysrgb&w=550&h=550&fit=crop&ixid=eyJhcHBfaWQiOjIyMjQzfQ|https://images.unsplash.com/photo-1457555512722-17d34d208981?ixlib=rb-1.2.1&q=80&fm=jpg&crop=entropy&cs=tinysrgb&w=400&h=400&fit=crop&ixid=eyJhcHBfaWQiOjIyMjQzfQ|https://images.unsplash.com/photo-1457555512722-17d34d208981?ixlib=rb-1.2.1&q=80&fm=jpg&crop=entropy&cs=tinysrgb&w=100&h=100&fit=crop&ixid=eyJhcHBfaWQiOjIyMjQzfQ|Ergonomic camera|Molestias aut mollitia nisi reiciendis molestias aut quis eveniet enim. Sit vitae quasi nam et exercitationem. Repellat accusamus voluptas voluptatum modi consequatur itaque ea tenetur. Aspernatur id eum natus. Qui et iste perferendis ut. Et aut accusamus sapiente magnam voluptatem beatae.|camera|Murray Inc|used - good|1|281|Wed Aug 21 2019 01:24:26
338|61|cbdef230-c3ba-11e9-b48d-f9f8f6d1953b|on sale|https://images.unsplash.com/photo-1560961911-dd5c0bdd004a?ixlib=rb-1.2.1&q=80&fm=jpg&crop=entropy&cs=tinysrgb&w=550&h=550&fit=crop&ixid=eyJhcHBfaWQiOjIyMjQzfQ|https://images.unsplash.com/photo-1560961911-dd5c0bdd004a?ixlib=rb-1.2.1&q=80&fm=jpg&crop=entropy&cs=tinysrgb&w=400&h=400&fit=crop&ixid=eyJhcHBfaWQiOjIyMjQzfQ|https://images.unsplash.com/photo-1560961911-dd5c0bdd004a?ixlib=rb-1.2.1&q=80&fm=jpg&crop=entropy&cs=tinysrgb&w=100&h=100&fit=crop&ixid=eyJhcHBfaWQiOjIyMjQzfQ|Handmade lego|Nam totam autem accusantium. Cum omnis repudiandae qui quaerat rerum consequatur fuga qui perspiciatis. Non est doloremque dignissimos asperiores at nihil ea impedit consequatur.|lego|McLaughlin - Haley|used - very good|1|749|Wed Aug 21 2019 01:24:26
339|41|cbfd4fa0-c3ba-11e9-b48d-f9f8f6d1953b|on sale|https://images.unsplash.com/photo-1561892699-a132d015e9c6?ixlib=rb-1.2.1&q=80&fm=jpg&crop=entropy&cs=tinysrgb&w=550&h=550&fit=crop&ixid=eyJhcHBfaWQiOjIyMjQzfQ|https://images.unsplash.com/photo-1561892699-a132d015e9c6?ixlib=rb-1.2.1&q=80&fm=jpg&crop=entropy&cs=tinysrgb&w=400&h=400&fit=crop&ixid=eyJhcHBfaWQiOjIyMjQzfQ|https://images.unsplash.com/photo-1561892699-a132d015e9c6?ixlib=rb-1.2.1&q=80&fm=jpg&crop=entropy&cs=tinysrgb&w=100&h=100&fit=crop&ixid=eyJhcHBfaWQiOjIyMjQzfQ|Incredible game|Voluptatum rerum voluptas deserunt natus iste et repellat nesciunt. Magni voluptatem omnis similique. Nihil neque asperiores neque nulla.|game|Ziemann - Erdman|used - like new|1|511|Wed Aug 21 2019 01:24:26
340|17|cc1eba50-c3ba-11e9-b48d-f9f8f6d1953b|on sale|https://images.unsplash.com/photo-1532959604812-c2909578fae3?ixlib=rb-1.2.1&q=80&fm=jpg&crop=entropy&cs=tinysrgb&w=550&h=550&fit=crop&ixid=eyJhcHBfaWQiOjIyMjQzfQ|https://images.unsplash.com/photo-1532959604812-c2909578fae3?ixlib=rb-1.2.1&q=80&fm=jpg&crop=entropy&cs=tinysrgb&w=400&h=400&fit=crop&ixid=eyJhcHBfaWQiOjIyMjQzfQ|https://images.unsplash.com/photo-1532959604812-c2909578fae3?ixlib=rb-1.2.1&q=80&fm=jpg&crop=entropy&cs=tinysrgb&w=100&h=100&fit=crop&ixid=eyJhcHBfaWQiOjIyMjQzfQ|Intelligent game|Dicta qui ad. Recusandae eveniet quisquam deserunt iste explicabo magnam et voluptatem debitis. Quibusdam fuga atque velit eius odit itaque aspernatur qui.|game|Gusikowski - Osinski|used - like new|1|527|Wed Aug 21 2019 01:24:26
341|58|cc3e2930-c3ba-11e9-b48d-f9f8f6d1953b|on sale|https://images.unsplash.com/photo-1467348733814-f93fc480bec6?ixlib=rb-1.2.1&q=80&fm=jpg&crop=entropy&cs=tinysrgb&w=550&h=550&fit=crop&ixid=eyJhcHBfaWQiOjIyMjQzfQ|https://images.unsplash.com/photo-1467348733814-f93fc480bec6?ixlib=rb-1.2.1&q=80&fm=jpg&crop=entropy&cs=tinysrgb&w=400&h=400&fit=crop&ixid=eyJhcHBfaWQiOjIyMjQzfQ|https://images.unsplash.com/photo-1467348733814-f93fc480bec6?ixlib=rb-1.2.1&q=80&fm=jpg&crop=entropy&cs=tinysrgb&w=100&h=100&fit=crop&ixid=eyJhcHBfaWQiOjIyMjQzfQ|Handmade drone|Consequatur et et. Itaque eligendi dolore qui mollitia animi quo eos animi.|drone|Balistreri LLC|new|1|281|Wed Aug 21 2019 01:24:26
342|56|cc603020-c3ba-11e9-b48d-f9f8f6d1953b|on sale|https://images.unsplash.com/photo-1516035069371-29a1b244cc32?ixlib=rb-1.2.1&q=80&fm=jpg&crop=entropy&cs=tinysrgb&w=550&h=550&fit=crop&ixid=eyJhcHBfaWQiOjIyMjQzfQ|https://images.unsplash.com/photo-1516035069371-29a1b244cc32?ixlib=rb-1.2.1&q=80&fm=jpg&crop=entropy&cs=tinysrgb&w=400&h=400&fit=crop&ixid=eyJhcHBfaWQiOjIyMjQzfQ|https://images.unsplash.com/photo-1516035069371-29a1b244cc32?ixlib=rb-1.2.1&q=80&fm=jpg&crop=entropy&cs=tinysrgb&w=100&h=100&fit=crop&ixid=eyJhcHBfaWQiOjIyMjQzfQ|Gorgeous camera|Dignissimos et molestias quae velit dolorum odio nemo. Quaerat est esse nesciunt qui. Nostrum quibusdam molestiae aut omnis animi id. Eum occaecati quasi dolorum id modi sed et quo. Expedita aut et sed aut quibusdam ea magni.|camera|Schneider LLC|used - good|1|603|Wed Aug 21 2019 01:24:27
343|59|cc821000-c3ba-11e9-b48d-f9f8f6d1953b|on sale|https://images.unsplash.com/photo-1524135140957-b828dcdcbe0b?ixlib=rb-1.2.1&q=80&fm=jpg&crop=entropy&cs=tinysrgb&w=550&h=550&fit=crop&ixid=eyJhcHBfaWQiOjIyMjQzfQ|https://images.unsplash.com/photo-1524135140957-b828dcdcbe0b?ixlib=rb-1.2.1&q=80&fm=jpg&crop=entropy&cs=tinysrgb&w=400&h=400&fit=crop&ixid=eyJhcHBfaWQiOjIyMjQzfQ|https://images.unsplash.com/photo-1524135140957-b828dcdcbe0b?ixlib=rb-1.2.1&q=80&fm=jpg&crop=entropy&cs=tinysrgb&w=100&h=100&fit=crop&ixid=eyJhcHBfaWQiOjIyMjQzfQ|Unbranded camera|Vel consectetur nesciunt enim aut velit voluptate quis. Praesentium praesentium nihil ut est corporis beatae sed repudiandae. Reiciendis qui neque reiciendis quo vel doloremque beatae quae quos. Praesentium molestiae doloremque quia natus eaque et est. Hic omnis illum eum eum quae. Enim quo dolor nihil praesentium quod.|camera|Friesen, Batz and Goodwin|new|1|262|Wed Aug 21 2019 01:24:27
344|5|cca01f50-c3ba-11e9-b48d-f9f8f6d1953b|on sale|https://images.unsplash.com/photo-1517242810446-cc8951b2be40?ixlib=rb-1.2.1&q=80&fm=jpg&crop=entropy&cs=tinysrgb&w=550&h=550&fit=crop&ixid=eyJhcHBfaWQiOjIyMjQzfQ|https://images.unsplash.com/photo-1517242810446-cc8951b2be40?ixlib=rb-1.2.1&q=80&fm=jpg&crop=entropy&cs=tinysrgb&w=400&h=400&fit=crop&ixid=eyJhcHBfaWQiOjIyMjQzfQ|https://images.unsplash.com/photo-1517242810446-cc8951b2be40?ixlib=rb-1.2.1&q=80&fm=jpg&crop=entropy&cs=tinysrgb&w=100&h=100&fit=crop&ixid=eyJhcHBfaWQiOjIyMjQzfQ|Sleek lego|Hic voluptas sit fugiat et ut id sunt et porro. Velit quaerat eligendi placeat quia nihil velit omnis nostrum ducimus.|lego|Heller, Hoppe and McGlynn|used - very good|1|363|Wed Aug 21 2019 01:24:27
345|10|ccc09fa0-c3ba-11e9-b48d-f9f8f6d1953b|on sale|https://images.unsplash.com/photo-1487537023671-8dce1a785863?ixlib=rb-1.2.1&q=80&fm=jpg&crop=entropy&cs=tinysrgb&w=550&h=550&fit=crop&ixid=eyJhcHBfaWQiOjIyMjQzfQ|https://images.unsplash.com/photo-1487537023671-8dce1a785863?ixlib=rb-1.2.1&q=80&fm=jpg&crop=entropy&cs=tinysrgb&w=400&h=400&fit=crop&ixid=eyJhcHBfaWQiOjIyMjQzfQ|https://images.unsplash.com/photo-1487537023671-8dce1a785863?ixlib=rb-1.2.1&q=80&fm=jpg&crop=entropy&cs=tinysrgb&w=100&h=100&fit=crop&ixid=eyJhcHBfaWQiOjIyMjQzfQ|Gorgeous headphones|Nihil est neque incidunt est cupiditate repellat nemo. Quia animi quas. Repellat labore distinctio ea et omnis tempore animi aperiam et. Et impedit explicabo eum dolorem qui tenetur.|headphones|Carter, Keeling and Kihn|used - good|1|584|Wed Aug 21 2019 01:24:27
346|69|ccda6930-c3ba-11e9-b48d-f9f8f6d1953b|on sale|https://images.unsplash.com/photo-1549718431-e97c66205e0a?ixlib=rb-1.2.1&q=80&fm=jpg&crop=entropy&cs=tinysrgb&w=550&h=550&fit=crop&ixid=eyJhcHBfaWQiOjIyMjQzfQ|https://images.unsplash.com/photo-1549718431-e97c66205e0a?ixlib=rb-1.2.1&q=80&fm=jpg&crop=entropy&cs=tinysrgb&w=400&h=400&fit=crop&ixid=eyJhcHBfaWQiOjIyMjQzfQ|https://images.unsplash.com/photo-1549718431-e97c66205e0a?ixlib=rb-1.2.1&q=80&fm=jpg&crop=entropy&cs=tinysrgb&w=100&h=100&fit=crop&ixid=eyJhcHBfaWQiOjIyMjQzfQ|Handcrafted boardgame|Ut optio quisquam. Sint ipsum non laboriosam eaque occaecati culpa recusandae sed.|boardgame|Stiedemann - Adams|used - like new|1|820|Wed Aug 21 2019 01:24:27
